CHAVE_IMAGEM_SKU;ÁREA;DEPARTAMENTO;CATEGORIA
149335;CONSTRUÇÃO;REVESTIMENTOS;PISOS QUENTE
131941;CONSTRUÇÃO;REVESTIMENTOS;PISO FRIO
136410;CONSTRUÇÃO;REVESTIMENTOS;PISO FRIO
136802;CONSTRUÇÃO;REVESTIMENTOS;PISO FRIO
137037;CONSTRUÇÃO;REVESTIMENTOS;PISO FRIO
137038;CONSTRUÇÃO;REVESTIMENTOS;PISO FRIO
138388;CONSTRUÇÃO;REVESTIMENTOS;PISO FRIO
138395;CONSTRUÇÃO;REVESTIMENTOS;PISO FRIO
139458;CONSTRUÇÃO;REVESTIMENTOS;PISO FRIO
139459;CONSTRUÇÃO;REVESTIMENTOS;PISO FRIO
139531;CONSTRUÇÃO;REVESTIMENTOS;PISO FRIO
141309;CONSTRUÇÃO;REVESTIMENTOS;PISO FRIO
141310;CONSTRUÇÃO;REVESTIMENTOS;PISO FRIO
141311;CONSTRUÇÃO;REVESTIMENTOS;PISO FRIO
141667;CONSTRUÇÃO;REVESTIMENTOS;PISO FRIO
142366;CONSTRUÇÃO;REVESTIMENTOS;PISO FRIO
143257;CONSTRUÇÃO;REVESTIMENTOS;PISO FRIO
143258;CONSTRUÇÃO;REVESTIMENTOS;PISO FRIO
143259;CONSTRUÇÃO;REVESTIMENTOS;PISO FRIO
145160;CONSTRUÇÃO;REVESTIMENTOS;PISO FRIO
145598;CONSTRUÇÃO;REVESTIMENTOS;PISO FRIO
149033;CONSTRUÇÃO;REVESTIMENTOS;PISO FRIO
149247;CONSTRUÇÃO;REVESTIMENTOS;PISO FRIO
149584;CONSTRUÇÃO;REVESTIMENTOS;PISO FRIO
149960;CONSTRUÇÃO;REVESTIMENTOS;PISO FRIO
150057;CONSTRUÇÃO;REVESTIMENTOS;PISO FRIO
150192;CONSTRUÇÃO;REVESTIMENTOS;PISO FRIO
150193;CONSTRUÇÃO;REVESTIMENTOS;PISO FRIO
150288;CONSTRUÇÃO;REVESTIMENTOS;PISO FRIO
150213;CONSTRUÇÃO;REVESTIMENTOS;PISO FRIO
150264;CONSTRUÇÃO;REVESTIMENTOS;PISO FRIO
138437;CONSTRUÇÃO;REVESTIMENTOS;PISOS QUENTE
143418;CONSTRUÇÃO;REVESTIMENTOS;PISOS QUENTE
143419;CONSTRUÇÃO;REVESTIMENTOS;PISOS QUENTE
143420;CONSTRUÇÃO;REVESTIMENTOS;PISOS QUENTE
143571;CONSTRUÇÃO;REVESTIMENTOS;PISOS QUENTE
146515;CONSTRUÇÃO;REVESTIMENTOS;PISOS QUENTE
146518;CONSTRUÇÃO;REVESTIMENTOS;PISOS QUENTE
146519;CONSTRUÇÃO;REVESTIMENTOS;PISOS QUENTE
146520;CONSTRUÇÃO;REVESTIMENTOS;PISOS QUENTE
146521;CONSTRUÇÃO;REVESTIMENTOS;PISOS QUENTE
146524;CONSTRUÇÃO;REVESTIMENTOS;PISOS QUENTE
146525;CONSTRUÇÃO;REVESTIMENTOS;PISOS QUENTE
146526;CONSTRUÇÃO;REVESTIMENTOS;PISOS QUENTE
146527;CONSTRUÇÃO;REVESTIMENTOS;PISOS QUENTE
146528;CONSTRUÇÃO;REVESTIMENTOS;PISOS QUENTE
146529;CONSTRUÇÃO;REVESTIMENTOS;PISOS QUENTE
148065;CONSTRUÇÃO;REVESTIMENTOS;PISOS QUENTE
148066;CONSTRUÇÃO;REVESTIMENTOS;PISOS QUENTE
148067;CONSTRUÇÃO;REVESTIMENTOS;PISOS QUENTE
149205;CONSTRUÇÃO;REVESTIMENTOS;PISOS QUENTE
136732;CONSTRUÇÃO;REVESTIMENTOS;PISO FRIO
138275;CONSTRUÇÃO;REVESTIMENTOS;PISO FRIO
139376;CONSTRUÇÃO;REVESTIMENTOS;PISO FRIO
139518;CONSTRUÇÃO;REVESTIMENTOS;PISO FRIO
139519;CONSTRUÇÃO;REVESTIMENTOS;PISO FRIO
139460;CONSTRUÇÃO;REVESTIMENTOS;PISO FRIO
139475;CONSTRUÇÃO;REVESTIMENTOS;PISO FRIO
139476;CONSTRUÇÃO;REVESTIMENTOS;PISO FRIO
140648;CONSTRUÇÃO;REVESTIMENTOS;PISO FRIO
140649;CONSTRUÇÃO;REVESTIMENTOS;PISO FRIO
140681;CONSTRUÇÃO;REVESTIMENTOS;PISO FRIO
140682;CONSTRUÇÃO;REVESTIMENTOS;PISO FRIO
140683;CONSTRUÇÃO;REVESTIMENTOS;PISO FRIO
140691;CONSTRUÇÃO;REVESTIMENTOS;PISO FRIO
141342;CONSTRUÇÃO;REVESTIMENTOS;PISO FRIO
145795;CONSTRUÇÃO;REVESTIMENTOS;PISO FRIO
145796;CONSTRUÇÃO;REVESTIMENTOS;PISO FRIO
145797;CONSTRUÇÃO;REVESTIMENTOS;PISO FRIO
145798;CONSTRUÇÃO;REVESTIMENTOS;PISO FRIO
146438;CONSTRUÇÃO;REVESTIMENTOS;PISO FRIO
146489;CONSTRUÇÃO;REVESTIMENTOS;PISO FRIO
146560;CONSTRUÇÃO;REVESTIMENTOS;PISO FRIO
147912;CONSTRUÇÃO;REVESTIMENTOS;PISO FRIO
148862;CONSTRUÇÃO;REVESTIMENTOS;PISO FRIO
149302;CONSTRUÇÃO;REVESTIMENTOS;PISO FRIO
149303;CONSTRUÇÃO;REVESTIMENTOS;PISO FRIO
150246;CONSTRUÇÃO;REVESTIMENTOS;PISO FRIO
150260;CONSTRUÇÃO;REVESTIMENTOS;PISO FRIO
150271;CONSTRUÇÃO;REVESTIMENTOS;PISO FRIO
150272;CONSTRUÇÃO;REVESTIMENTOS;PISO FRIO
150273;CONSTRUÇÃO;REVESTIMENTOS;PISO FRIO
137767;CONSTRUÇÃO;REVESTIMENTOS;PISO FRIO
138423;CONSTRUÇÃO;REVESTIMENTOS;PISO FRIO
138425;CONSTRUÇÃO;REVESTIMENTOS;PISO FRIO
138426;CONSTRUÇÃO;REVESTIMENTOS;PISO FRIO
138428;CONSTRUÇÃO;REVESTIMENTOS;PISO FRIO
138429;CONSTRUÇÃO;REVESTIMENTOS;PISO FRIO
138430;CONSTRUÇÃO;REVESTIMENTOS;PISO FRIO
138431;CONSTRUÇÃO;REVESTIMENTOS;PISO FRIO
138432;CONSTRUÇÃO;REVESTIMENTOS;PISO FRIO
138433;CONSTRUÇÃO;REVESTIMENTOS;PISO FRIO
138434;CONSTRUÇÃO;REVESTIMENTOS;PISO FRIO
138441;CONSTRUÇÃO;REVESTIMENTOS;PISO FRIO
138442;CONSTRUÇÃO;REVESTIMENTOS;PISO FRIO
138443;CONSTRUÇÃO;REVESTIMENTOS;PISO FRIO
138444;CONSTRUÇÃO;REVESTIMENTOS;PISO FRIO
138445;CONSTRUÇÃO;REVESTIMENTOS;PISO FRIO
138446;CONSTRUÇÃO;REVESTIMENTOS;PISO FRIO
138447;CONSTRUÇÃO;REVESTIMENTOS;PISO FRIO
138448;CONSTRUÇÃO;REVESTIMENTOS;PISO FRIO
138449;CONSTRUÇÃO;REVESTIMENTOS;PISO FRIO
138450;CONSTRUÇÃO;REVESTIMENTOS;PISO FRIO
138451;CONSTRUÇÃO;REVESTIMENTOS;PISO FRIO
138454;CONSTRUÇÃO;REVESTIMENTOS;PISO FRIO
138455;CONSTRUÇÃO;REVESTIMENTOS;PISO FRIO
138456;CONSTRUÇÃO;REVESTIMENTOS;PISO FRIO
138457;CONSTRUÇÃO;REVESTIMENTOS;PISO FRIO
138458;CONSTRUÇÃO;REVESTIMENTOS;PISO FRIO
138459;CONSTRUÇÃO;REVESTIMENTOS;PISO FRIO
138460;CONSTRUÇÃO;REVESTIMENTOS;PISO FRIO
138461;CONSTRUÇÃO;REVESTIMENTOS;PISO FRIO
138462;CONSTRUÇÃO;REVESTIMENTOS;PISO FRIO
138463;CONSTRUÇÃO;REVESTIMENTOS;PISO FRIO
138464;CONSTRUÇÃO;REVESTIMENTOS;PISO FRIO
139250;CONSTRUÇÃO;REVESTIMENTOS;PISO FRIO
140635;CONSTRUÇÃO;REVESTIMENTOS;PISO FRIO
140637;CONSTRUÇÃO;REVESTIMENTOS;PISO FRIO
140638;CONSTRUÇÃO;REVESTIMENTOS;PISO FRIO
140639;CONSTRUÇÃO;REVESTIMENTOS;PISO FRIO
140640;CONSTRUÇÃO;REVESTIMENTOS;PISO FRIO
140646;CONSTRUÇÃO;REVESTIMENTOS;PISO FRIO
140651;CONSTRUÇÃO;REVESTIMENTOS;PISO FRIO
140653;CONSTRUÇÃO;REVESTIMENTOS;PISO FRIO
140654;CONSTRUÇÃO;REVESTIMENTOS;PISO FRIO
140656;CONSTRUÇÃO;REVESTIMENTOS;PISO FRIO
140657;CONSTRUÇÃO;REVESTIMENTOS;PISO FRIO
140658;CONSTRUÇÃO;REVESTIMENTOS;PISO FRIO
140659;CONSTRUÇÃO;REVESTIMENTOS;PISO FRIO
140660;CONSTRUÇÃO;REVESTIMENTOS;PISO FRIO
140661;CONSTRUÇÃO;REVESTIMENTOS;PISO FRIO
140662;CONSTRUÇÃO;REVESTIMENTOS;PISO FRIO
140665;CONSTRUÇÃO;REVESTIMENTOS;PISO FRIO
140667;CONSTRUÇÃO;REVESTIMENTOS;PISO FRIO
140668;CONSTRUÇÃO;REVESTIMENTOS;PISO FRIO
140670;CONSTRUÇÃO;REVESTIMENTOS;PISO FRIO
140671;CONSTRUÇÃO;REVESTIMENTOS;PISO FRIO
140673;CONSTRUÇÃO;REVESTIMENTOS;PISO FRIO
140676;CONSTRUÇÃO;REVESTIMENTOS;PISO FRIO
140677;CONSTRUÇÃO;REVESTIMENTOS;PISO FRIO
140678;CONSTRUÇÃO;REVESTIMENTOS;PISO FRIO
140679;CONSTRUÇÃO;REVESTIMENTOS;PISO FRIO
140680;CONSTRUÇÃO;REVESTIMENTOS;PISO FRIO
142065;CONSTRUÇÃO;REVESTIMENTOS;PISO FRIO
150277;CONSTRUÇÃO;REVESTIMENTOS;FORRO PVC
150278;CONSTRUÇÃO;REVESTIMENTOS;FORRO PVC
142464;CONSTRUÇÃO;REVESTIMENTOS;PISOS QUENTE
142465;CONSTRUÇÃO;REVESTIMENTOS;PISOS QUENTE
142466;CONSTRUÇÃO;REVESTIMENTOS;PISOS QUENTE
142577;CONSTRUÇÃO;REVESTIMENTOS;PISOS QUENTE
150200;CONSTRUÇÃO;REVESTIMENTOS;PISOS QUENTE
150194;CONSTRUÇÃO;REVESTIMENTOS;PISOS QUENTE
150195;CONSTRUÇÃO;REVESTIMENTOS;PISOS QUENTE
150196;CONSTRUÇÃO;REVESTIMENTOS;PISOS QUENTE
150197;CONSTRUÇÃO;REVESTIMENTOS;PISOS QUENTE
150198;CONSTRUÇÃO;REVESTIMENTOS;PISOS QUENTE
150199;CONSTRUÇÃO;REVESTIMENTOS;PISOS QUENTE
150211;CONSTRUÇÃO;REVESTIMENTOS;PISOS QUENTE
150212;CONSTRUÇÃO;REVESTIMENTOS;PISOS QUENTE
